ay,deprem,afad,enkaz,barınma,gönüllü,yardım_kampanyası,deprem_bolgesi,mesaj
2020-04,0.0,0.0,0.0,0.0,0.0,0.0,0.0,17
2020-05,0.0,0.0,0.0,0.19,0.19,0.0,0.0,517
2020-06,0.0,0.0,0.0,0.0,0.74,0.0,0.0,406
2020-07,0.0,0.0,0.0,0.0,0.56,0.0,0.0,356
2020-08,0.0,0.0,0.0,0.0,0.29,0.0,0.0,350
2020-09,0.0,0.0,0.0,0.0,0.51,0.0,0.0,1562
2020-10,0.0,0.08,0.0,0.0,0.32,0.05,0.05,6015
2020-11,0.14,0.01,0.0,0.0,0.01,0.0,0.0,6930
2020-12,0.05,0.11,0.0,0.0,0.32,0.13,0.03,3770
2021-01,0.03,0.03,0.0,0.0,0.14,0.03,0.06,3570
2021-02,0.0,0.24,0.0,0.0,0.73,0.12,0.0,827
2021-03,0.0,0.0,0.0,0.0,0.17,0.0,0.09,1152
2021-04,0.0,0.0,0.0,0.0,0.58,0.0,0.14,691
2021-05,0.0,0.0,0.0,0.0,0.29,0.0,0.0,683
2021-06,0.0,0.17,0.0,0.0,0.0,0.17,0.17,600
2021-07,0.0,0.0,0.0,0.0,0.15,0.15,0.0,650
2021-08,0.0,0.09,0.0,0.0,0.26,0.0,0.09,1166
2021-09,0.0,0.49,0.0,0.0,0.41,0.0,0.0,1219
2021-10,0.0,0.81,0.0,0.0,0.63,0.0,0.09,1118
2021-11,0.05,5.18,0.0,0.0,0.1,0.05,0.19,2066
2021-12,0.0,0.99,0.0,0.0,0.21,0.04,0.08,2416
2022-01,0.0,1.83,0.0,0.0,0.12,0.0,0.0,3228
2022-02,0.0,0.96,0.0,0.0,0.87,0.0,0.09,1149
2022-03,0.07,0.26,0.0,0.07,0.07,0.0,0.0,1530
2022-04,0.0,0.18,0.0,0.0,0.18,0.0,0.0,549
2022-05,0.0,0.27,0.0,0.0,0.0,0.05,0.0,1885
2022-06,0.0,0.94,0.0,0.0,0.38,0.0,0.0,531
2022-07,0.0,0.0,0.0,0.0,0.0,0.0,0.0,389
2022-08,0.0,0.21,0.0,0.0,0.1,0.1,0.1,955
2022-09,0.0,0.45,0.0,0.0,0.0,0.0,0.0,670
2022-10,0.0,0.07,0.0,0.0,0.0,0.0,0.0,4271
2022-11,0.08,0.06,0.0,0.0,0.12,0.0,0.0,8399
2022-12,0.01,0.03,0.0,0.01,0.04,0.0,0.01,7932
2023-01,0.0,0.0,0.0,0.0,0.07,0.0,0.0,5379
2023-02,4.1,1.37,2.08,0.39,1.56,0.13,5.76,3071
2023-03,1.59,0.03,0.06,0.16,0.28,0.0,0.16,3210
2023-04,0.59,0.08,0.02,0.02,0.06,0.0,0.42,5292
2023-05,0.55,0.09,0.0,0.05,0.0,0.0,0.09,2168
2023-06,0.14,0.05,0.0,0.0,0.0,0.0,0.34,2081
2023-07,1.04,0.09,0.0,0.0,0.19,0.0,0.28,1053
2023-08,0.64,0.29,0.0,0.06,0.12,0.06,0.12,1710
2023-09,0.0,1.35,0.0,0.06,0.0,0.0,0.13,1559
2023-10,0.33,1.53,0.0,0.0,0.0,0.0,0.6,1502
2023-11,0.0,0.36,0.0,0.0,0.0,0.0,0.18,560
2023-12,0.28,0.47,0.0,0.09,0.09,0.0,0.56,1065
2024-01,0.08,0.24,0.0,0.0,0.0,0.0,0.08,1241
2024-02,0.48,0.04,0.0,0.08,0.08,0.0,0.4,2500
2024-03,0.09,0.0,0.0,0.0,0.05,0.0,0.19,2117
2024-04,0.09,0.03,0.0,0.0,0.0,0.02,1.13,6475
2024-05,0.08,0.08,0.0,0.0,0.16,0.0,0.81,1238
2024-06,0.0,0.12,0.0,0.0,0.0,0.0,0.12,803
2024-07,0.13,0.0,0.0,0.06,0.13,0.0,0.13,1597
2024-08,0.06,0.17,0.0,0.0,0.17,0.0,0.23,1777
2024-09,0.09,0.18,0.0,0.0,0.18,0.0,0.06,3390
2024-10,0.0,0.0,0.0,0.0,0.07,0.0,0.0,1507
2024-11,0.0,0.13,0.0,0.0,0.39,0.0,0.19,1540
2024-12,0.19,0.09,0.0,0.0,0.0,0.0,0.0,1063
2025-01,0.0,0.0,0.0,0.0,0.28,0.0,0.0,710
2025-02,0.17,0.0,0.0,0.17,0.0,0.0,0.42,1192
2025-03,0.0,0.0,0.0,0.0,0.19,0.0,0.0,1031
2025-04,0.27,0.0,0.0,0.0,0.81,0.0,0.0,372
2025-05,0.0,0.0,0.0,0.0,0.39,0.0,0.78,512
2025-06,0.0,0.0,0.0,0.0,0.0,0.0,1.65,121
2025-07,0.0,0.62,0.0,0.0,0.0,0.0,0.31,322
2025-08,0.0,0.0,0.0,0.0,0.0,0.0,0.0,400
2025-09,0.21,0.0,0.0,0.0,0.0,0.0,0.21,482
2025-10,0.19,0.19,0.0,0.0,0.0,0.0,0.0,523
2025-11,0.0,0.0,0.0,0.0,0.0,0.0,0.0,123
2025-12,0.09,0.37,0.0,0.0,0.0,0.0,0.09,1095
2026-01,0.0,3.66,0.0,0.0,0.0,0.0,0.17,601
2026-02,0.0,2.6,0.0,0.0,0.0,0.0,0.52,192
2026-03,0.0,0.0,0.0,0.0,0.0,0.0,0.0,65
2026-04,0.0,1.64,0.0,0.0,0.82,0.0,0.82,122
2026-05,0.0,0.27,0.0,0.0,0.0,0.0,0.0,374
2026-06,0.0,0.0,0.0,0.0,0.0,0.0,0.0,318
2026-07,0.0,0.0,0.0,0.0,0.0,0.0,0.12,864
2026-08,0.17,0.17,0.0,0.0,0.0,0.0,0.52,580
