ay,mesaj,gonderici,talep_yuzde,yanit_yuzde,mesaj_kisi_basi,z,olagandisi
2020-04,17,6,17.6,17.6,2.8,-1.19,False
2020-05,517,89,18.2,28.8,5.8,-0.64,False
2020-06,406,100,25.4,25.9,4.1,-0.76,False
2020-07,356,66,14.0,32.9,5.4,-0.81,False
2020-08,350,75,10.0,28.6,4.7,-0.82,False
2020-09,1562,156,12.9,26.9,10.0,0.51,False
2020-10,6015,454,13.0,33.7,13.2,5.41,True
2020-11,6930,540,15.4,35.8,12.8,6.42,True
2020-12,3770,410,13.6,32.6,9.2,2.94,False
2021-01,3570,464,12.9,40.1,7.7,2.72,False
2021-02,827,220,20.0,35.3,3.8,-0.29,False
2021-03,1152,231,17.6,35.2,5.0,0.06,False
2021-04,691,191,20.5,33.3,3.6,-0.44,False
2021-05,683,184,18.2,23.0,3.7,-0.45,False
2021-06,600,177,21.5,43.7,3.4,-0.54,False
2021-07,650,123,15.7,20.5,5.3,-0.49,False
2021-08,1166,234,20.9,36.3,5.0,0.08,False
2021-09,1219,199,15.9,34.4,6.1,0.14,False
2021-10,1118,190,15.1,33.5,5.9,0.03,False
2021-11,2066,288,17.7,33.5,7.2,1.07,False
2021-12,2416,301,18.2,42.3,8.0,1.45,False
2022-01,3228,476,24.2,46.4,6.8,2.35,False
2022-02,1149,352,33.7,35.5,3.3,0.06,False
2022-03,1530,348,24.0,42.3,4.4,0.48,False
2022-04,549,171,25.9,29.1,3.2,-0.6,False
2022-05,1885,410,23.5,35.5,4.6,0.87,False
2022-06,531,209,35.2,31.5,2.5,-0.62,False
2022-07,389,151,28.5,45.2,2.6,-0.78,False
2022-08,955,198,20.5,39.9,4.8,-0.15,False
2022-09,670,168,24.5,41.3,4.0,-0.47,False
2022-10,4271,573,16.8,39.5,7.5,3.49,False
2022-11,8399,744,15.3,45.4,11.3,8.04,True
2022-12,7932,592,14.1,44.9,13.4,7.52,True
2023-01,5379,458,10.7,33.1,11.7,4.71,True
2023-02,3071,427,14.7,28.4,7.2,2.17,False
2023-03,3210,363,13.0,35.3,8.8,2.33,False
2023-04,5292,464,12.5,37.7,11.4,4.62,True
2023-05,2168,307,13.1,40.0,7.1,1.18,False
2023-06,2081,306,19.5,40.8,6.8,1.08,False
2023-07,1053,169,17.7,37.6,6.2,-0.05,False
2023-08,1710,213,13.9,30.2,8.0,0.68,False
2023-09,1559,202,14.2,30.3,7.7,0.51,False
2023-10,1502,245,21.0,32.6,6.1,0.45,False
2023-11,560,146,23.6,35.7,3.8,-0.59,False
2023-12,1065,260,26.9,37.4,4.1,-0.03,False
2024-01,1241,240,23.7,36.4,5.2,0.16,False
2024-02,2500,421,24.7,38.4,5.9,1.55,False
2024-03,2117,380,23.7,44.3,5.6,1.12,False
2024-04,6475,923,37.0,44.3,7.0,5.92,True
2024-05,1238,306,33.6,48.1,4.0,0.16,False
2024-06,803,244,33.3,44.2,3.3,-0.32,False
2024-07,1597,321,26.5,43.6,5.0,0.55,False
2024-08,1777,364,23.2,46.5,4.9,0.75,False
2024-09,3390,354,17.6,48.3,9.6,2.53,False
2024-10,1507,230,18.2,38.0,6.6,0.45,False
2024-11,1540,284,21.0,41.5,5.4,0.49,False
2024-12,1063,199,24.7,46.8,5.3,-0.04,False
2025-01,710,194,26.3,43.2,3.7,-0.42,False
2025-02,1192,260,28.1,43.3,4.6,0.11,False
2025-03,1031,197,16.4,32.2,5.2,-0.07,False
2025-04,372,117,26.9,43.3,3.2,-0.8,False
2025-05,512,143,21.7,57.8,3.6,-0.64,False
2025-06,121,71,35.5,31.4,1.7,-1.07,False
2025-07,322,105,26.7,44.1,3.1,-0.85,False
2025-08,400,126,23.8,62.5,3.2,-0.76,False
2025-09,482,150,29.3,62.0,3.2,-0.67,False
2025-10,523,120,25.2,63.3,4.4,-0.63,False
2025-11,123,67,28.5,54.5,1.8,-1.07,False
2025-12,1095,174,24.5,48.5,6.3,0.0,False
2026-01,601,150,29.0,56.6,4.0,-0.54,False
2026-02,192,76,32.8,46.9,2.5,-0.99,False
2026-03,65,48,36.9,47.7,1.4,-1.13,False
2026-04,122,59,28.7,35.2,2.1,-1.07,False
2026-05,374,95,31.3,55.9,3.9,-0.79,False
2026-06,318,112,38.4,48.4,2.8,-0.85,False
2026-07,864,210,38.0,56.9,4.1,-0.25,False
2026-08,580,149,32.2,54.7,3.9,-0.57,False
