hashtag,mesaj,gonderici,ilk_ay,son_ay,aktif_ay,zirve_ay,zirve_mesaj
#bizbüyükbiraileyiz,67,3,2021-08,2021-11,2,2021-08,65
#asdepsözütutulsun,61,1,2021-09,2021-09,1,2021-09,61
#snkocaadildağılımi̇stiyoruz,60,2,2021-10,2021-10,1,2021-10,60
#sosyalçalışmacıyamülakatsızalım,58,2,2021-11,2021-11,1,2021-11,58
#artıkyeter,50,2,2021-08,2021-08,1,2021-08,50
#snyanıkyılbittialımyok,50,4,2021-10,2021-10,1,2021-10,50
#shuatılımı,49,2,2021-11,2021-11,1,2021-11,49
#ruhsağlığında,44,2,2021-07,2021-07,1,2021-07,44
#ctedeshuzamani,35,2,2021-11,2021-11,1,2021-11,35
#adaletyenidenalımaçıksın,27,2,2021-09,2021-09,1,2021-09,27
#teşekkürlerderyayanık,27,3,2021-12,2021-12,1,2021-12,27
#aöfshvecgkapatilsin,25,1,2021-02,2021-02,1,2021-02,25
#kapanıncayakadar,24,1,2021-03,2021-03,1,2021-03,24
#snkocaadildağılımşart,22,3,2021-09,2021-09,1,2021-09,22
#sonuçlarıaçıklasnzümrüt,22,1,2021-04,2021-04,1,2021-04,22
#shununailedentalebi10bin,16,5,2023-09,2023-10,2,2023-09,15
#aralıkta10binshu,16,7,2022-11,2022-11,1,2022-11,16
#umutsuzbekleyiste4ay,15,1,2021-03,2021-03,1,2021-03,15
#sosyalhizmet,14,9,2020-08,2024-10,9,2021-03,4
#heraileyeokulabirshu,14,3,2023-01,2023-01,1,2023-01,14
#shulartakipleşiyor,13,7,2022-10,2023-09,5,2022-11,5
#shuzursuzaci̇latama,13,2,2021-09,2021-09,1,2021-09,13
#aileye5000sosyalcalismaci,12,5,2020-11,2020-11,1,2020-11,12
#herhaneyesosyalhizmetuzmanı,11,5,2024-08,2024-09,2,2024-09,6
#toplumi̇cinshui̇stihdamı,11,5,2020-10,2020-10,1,2020-10,11
#sağliğa5000sosyalçalişmaci,10,5,2023-09,2023-09,1,2023-09,10
#sosyalçalışmacıvarsaçözümvar,10,4,2024-12,2025-05,3,2025-01,5
#aöfdesosyalhizmetehayir,10,3,2021-01,2021-01,1,2021-01,10
#shulartakiplesiyor,10,4,2022-10,2022-12,3,2022-10,8
#çareokulsosyalhizmeti,9,3,2023-01,2023-01,1,2023-01,9
#sosyalçalışmacıyüksekpuanlaatanamıyor,9,3,2023-10,2023-10,1,2023-10,9
#aöfsosyalhizmetetamkapanma,9,1,2021-05,2021-05,1,2021-05,9
#i̇yikideryayanık,9,2,2021-12,2021-12,1,2021-12,9
#shuyai̇htiyaççokatamayok,9,6,2022-12,2022-12,1,2022-12,9
#sağlığa5binsosyalcalismaci,7,5,2022-10,2022-10,1,2022-10,7
#shu5binatamabekliyor,7,5,2024-09,2024-09,1,2024-09,7
#cbdenshuyai̇stihdam,6,5,2023-01,2023-01,1,2023-01,6
#sosyalhizmettakiplesiyor,6,2,2020-10,2020-10,1,2020-10,6
#shu15bin,6,2,2023-06,2023-06,1,2023-06,6
#kamuya10binsosyalçalışmacı,6,4,2024-09,2024-10,2,2024-09,5
#açığıkapatıyoruz,6,1,2021-04,2021-04,1,2021-04,6
#snyanikshuyasesver,6,3,2022-12,2022-12,1,2022-12,6
#benimunvanim,6,3,2021-01,2021-01,1,2021-01,6
#sagliga5binsosyalcalismaci,5,3,2022-10,2022-10,1,2022-10,5
#sosyalhizmetgörevbekliyor,5,2,2023-03,2023-03,1,2023-03,5
#sosyalhizmetniteliksizleştiriliyor,5,2,2020-12,2020-12,1,2020-12,5
#snyanik10binshu,5,2,2022-10,2022-10,1,2022-10,5
#sosyalhizmetaöfdeolmaz,5,2,2021-01,2021-01,1,2021-01,5
#sosyalhizmetin,4,3,2023-09,2023-10,2,2023-10,3
#aileye10bi̇nsosyalçalişmaci,4,3,2023-09,2023-09,1,2023-09,4
#lisansiyereekatama,4,3,2023-03,2023-03,1,2023-03,4
#yanıkshuyakulakver,4,1,2023-04,2023-04,1,2023-04,4
#shuyaocaktamüjde,4,2,2023-01,2023-01,1,2023-01,4
#okulsosyalhizmetihemenşimdi,4,3,2020-10,2020-10,1,2020-10,4
#kamuya10binsosyalçalısmacı,4,1,2024-09,2024-09,1,2024-09,4
#snkoca5binsosyalcalismaci,4,4,2022-10,2022-10,1,2022-10,4
#aileyılındasosyalçalışmacıata,4,3,2025-01,2025-07,4,2025-01,1
#snkocaduybizi,4,1,2021-11,2021-11,1,2021-11,4
#sosyalçalışmacılar,4,3,2023-09,2023-10,2,2023-10,3
#ailedensosyalçalışmacıyamüjde,4,2,2024-02,2024-02,1,2024-02,4
#sosyalçalışmacılara,4,3,2023-09,2023-10,2,2023-10,3
#shularvedatbeyegüveniyor,4,1,2023-10,2023-10,1,2023-10,4
#vatanigörevengelolmamalı,4,2,2022-01,2022-01,1,2022-01,4
#sosyalhizmetokulda,4,1,2022-11,2022-11,1,2022-11,4
#yerelyönetimdeliyakat,3,1,2023-01,2023-01,1,2023-01,3
#snsoylu1000sosyalcalismaci,3,2,2020-11,2020-11,1,2020-11,3
#snyanıkduybizi,3,1,2021-11,2021-11,1,2021-11,3
#aileyılındaliyakatyok,3,2,2025-03,2025-03,1,2025-03,3
#birlik,3,1,2021-01,2021-03,2,2021-03,2
#snvedatbeyshuyasahipçık,3,1,2023-10,2023-10,1,2023-10,3
#kamuya10binshu,3,3,2024-10,2024-10,1,2024-10,3
#okulsosyalhizmeti,3,3,2022-12,2024-08,3,2022-12,1
#heraileyebirailedanışmanı,3,1,2024-10,2024-10,1,2024-10,3
#heraileyeshu,3,2,2024-10,2024-10,1,2024-10,3
#heraileyebirsosyalhizmetuzmanı,3,1,2024-10,2024-10,1,2024-10,3
#4000shu,3,2,2020-10,2020-10,1,2020-10,3
#sosyoloji,3,1,2021-01,2021-03,2,2021-03,2
#sosyalçalışmacı,3,3,2022-02,2023-10,3,2022-02,1
#aöfsosyalhizmetkapatılsın,3,3,2021-01,2021-01,1,2021-01,3
#sagliga1000sosyalcalismaci,3,3,2020-10,2020-10,1,2020-10,3
#psikoloji,3,1,2021-01,2021-03,2,2021-03,2
#shuyagünündemüjde,3,1,2023-03,2023-03,1,2023-03,3
#beraberlik,3,1,2021-01,2021-03,2,2021-03,2
#ekdersli̇deği̇lkpssli̇alimbekli̇yoruz,3,1,2023-10,2023-11,2,2023-10,2
#etik,3,1,2021-01,2021-03,2,2021-03,2
#shuadilatamabekliyor,3,2,2022-10,2022-10,1,2022-10,3
#sosyalhizmete5binalım,3,2,2022-10,2022-10,1,2022-10,3
#sınavsızatamaolmaz,3,1,2025-03,2025-03,1,2025-03,3
#sosyalhizmetuzmanlarıtbmmde,3,1,2023-01,2023-01,1,2023-01,3
#sosyologlara4bfırsateşitliği,2,1,2020-12,2020-12,1,2020-12,2
#sınavsızatamahaksızlıktır,2,2,2025-02,2025-03,2,2025-02,1
#aileyılındaliyakatşart,2,2,2025-03,2025-03,1,2025-03,2
#socialworkerforhealth,2,1,2021-01,2021-01,1,2021-01,2
#sondaki̇ka,2,2,2020-08,2023-02,2,2020-08,1
#sosyalhizmetlisansatamabekliyor,2,1,2024-10,2024-10,1,2024-10,2
#aileyılınalisansataması,2,1,2025-09,2025-09,1,2025-09,2
#aileyemerkeziatama,2,2,2020-11,2020-11,1,2020-11,2
#2023shuyılı,2,2,2023-04,2023-05,2,2023-04,1
#umudumuzderyayanik,2,2,2021-12,2021-12,1,2021-12,2
#sosyalhizmeuzmanlarıtbmmde,2,1,2023-01,2023-01,1,2023-01,2
#sosyalhizmetuzmanı,2,2,2022-02,2023-10,2,2022-02,1
#sosyalhizmetşehri,2,2,2021-09,2021-09,1,2021-09,2
#ashbekderslilerekadroyahayır,2,2,2024-01,2024-01,1,2024-01,2
#ashb3binalımyetersiz,2,2,2025-12,2025-12,1,2025-12,2
#cbherbranşa5000,2,2,2022-11,2022-11,1,2022-11,2
#ashb15binshu,2,2,2023-07,2023-07,1,2023-07,2
#burs,2,1,2020-08,2020-09,2,2020-08,1
#saglikciulusmeydanında,2,2,2023-03,2023-03,1,2023-03,2
#okulsosyalhizmet,2,2,2020-10,2020-10,1,2020-10,2
#shununhakkı5bin,2,1,2024-01,2024-01,1,2024-01,2
#deryayanıkistifa,2,2,2023-02,2023-02,1,2023-02,2
#d,2,1,2020-05,2020-05,1,2020-05,2
#shu10binatamabekliyor,2,2,2024-09,2024-09,1,2024-09,2
#psikolojikdanismanlik,2,1,2021-03,2021-03,1,2021-03,2
#cbyüzyılarekoratama,2,1,2023-01,2023-01,1,2023-01,2
#sağlıkçıyorulduatamaşart,2,1,2020-10,2020-10,1,2020-10,2
#cbyanikshuyugörmüyor,2,1,2023-03,2023-03,1,2023-03,2
#gsbyypyedeklereekkontenjan,2,1,2023-01,2023-01,1,2023-01,2
#kpssaciklansinhalisaygun,2,2,2020-09,2020-09,1,2020-09,2
#kocaalımyarımkaldı,2,2,2022-12,2022-12,1,2022-12,2
#liyakatsizaileyılı,2,2,2025-03,2025-03,1,2025-03,2
#maliyedensağlığa100bin,2,1,2023-09,2023-09,1,2023-09,2
#maske,2,2,2020-07,2021-03,2,2020-07,1
#memişoğluatamazamanı,2,2,2024-09,2024-09,1,2024-09,2
#kpssbyüksekatama,2,2,2022-11,2022-11,1,2022-11,2
#kubraninsizemesajivar,2,1,2021-01,2021-01,1,2021-01,2
#i̇lledeliyakat,2,2,2025-03,2025-03,1,2025-03,2
#iyikisosyalhizmet,2,2,2024-02,2024-03,2,2024-02,1
#istanbulsözleşmesiyaşatır,2,2,2021-03,2021-03,1,2021-03,2
#örgünshulartakipleşiyor,2,1,2024-10,2024-10,1,2024-10,2
#yaparsaerdoğanyaparshu,2,2,2022-12,2022-12,1,2022-12,2
#acshb5000sosyalcalismaci,2,1,2020-11,2020-11,1,2020-11,2
#1000sosyalcalismacisagliga,2,2,2020-11,2020-11,1,2020-11,2
#şimditamzamanı,2,1,2023-12,2023-12,1,2023-12,2
#ziyaselcukmeb2000sosyalcalismaci,1,1,2020-11,2020-11,1,2020-11,1
#2431kadroçokdeğilmi,1,1,2023-04,2023-04,1,2023-04,1
#tarimahak15binziraat,1,1,2023-01,2023-01,1,2023-01,1
#teksağlık5binveterinerhekim,1,1,2023-01,2023-01,1,2023-01,1
#teşekkürlererdogan,1,1,2021-11,2021-11,1,2021-11,1
#torpilvarderyayanik,1,1,2022-05,2022-05,1,2022-05,1
#ailevesosyalhizmetler,1,1,2022-02,2022-02,1,2022-02,1
#aileye15bin,1,1,2023-06,2023-06,1,2023-06,1
#aileye15binshu,1,1,2023-07,2023-07,1,2023-07,1
#aileye5000sosyalhizmetuzmanı,1,1,2020-11,2020-11,1,2020-11,1
#aileyeshuyoksaoyyok,1,1,2022-12,2022-12,1,2022-12,1
#aileyılı,1,1,2025-01,2025-01,1,2025-01,1
#4000sözütutulsun,1,1,2020-10,2020-10,1,2020-10,1
#504122,1,1,2022-05,2022-05,1,2022-05,1
#6284iptaledilmeli,1,1,2021-04,2021-04,1,2021-04,1
#6284uygulansın,1,1,2021-03,2021-03,1,2021-03,1
#6284üuygula,1,1,2021-03,2021-03,1,2021-03,1
#türkiye,1,1,2022-04,2022-04,1,2022-04,1
#i̇kramiyesmalıçocuklaraverilsin,1,1,2021-01,2021-01,1,2021-01,1
#i̇lişehirplancısıplanlar,1,1,2023-01,2023-01,1,2023-01,1
#i̇scidahil40binkabuledilemez,1,1,2021-11,2021-11,1,2021-11,1
#halkpsikologi̇stiyor,1,1,2023-03,2023-03,1,2023-03,1
#hastag,1,1,2024-02,2024-02,1,2024-02,1
#hemen,1,1,2023-06,2023-06,1,2023-06,1
#heraileye10binshu,1,1,2024-09,2024-09,1,2024-09,1
#heraileyeailedanışmanı,1,1,2024-09,2024-09,1,2024-09,1
#heraileyebirshu,1,1,2024-09,2024-09,1,2024-09,1
#önlisans,1,1,2021-02,2021-02,1,2021-02,1
#ösym,1,1,2024-11,2024-11,1,2024-11,1
#ösymgözümüzlisanskpssde,1,1,2020-10,2020-10,1,2020-10,1
#özelegi̇ti̇m,1,1,2022-12,2022-12,1,2022-12,1
#öğretmeni,1,1,2022-12,2022-12,1,2022-12,1
#üniversite,1,1,2020-11,2020-11,1,2020-11,1
#üniversiteplus,1,1,2020-11,2020-11,1,2020-11,1
#genclerini̇yiolmahali,1,1,2021-06,2021-06,1,2021-06,1
#kadınınadıvar,1,1,2021-03,2021-03,1,2021-03,1
#kampüs,1,1,2020-11,2020-11,1,2020-11,1
#kamuavukatıhaklıbeklenti,1,1,2023-01,2023-01,1,2023-01,1
#kamuya5binvethekim,1,1,2023-01,2023-01,1,2023-01,1
#kamuyatümalımlarmerkeziatamayla,1,1,2022-11,2022-11,1,2022-11,1
#kandilimizmübarekolsun,1,1,2025-09,2025-09,1,2025-09,1
#hibe,1,1,2020-09,2020-09,1,2020-09,1
#hijyen,1,1,2021-03,2021-03,1,2021-03,1
#i,1,1,2021-03,2021-03,1,2021-03,1
#insanhakları,1,1,2021-03,2021-03,1,2021-03,1
#inşaatfirmalarımalzemegönder,1,1,2023-02,2023-02,1,2023-02,1
#istanbulsözleşmesi,1,1,2021-03,2021-03,1,2021-03,1
#itirazımaöfsosyalhizmete,1,1,2020-08,2020-08,1,2020-08,1
#içsesiduy,1,1,2020-11,2020-11,1,2020-11,1
#işilanı,1,1,2025-05,2025-05,1,2025-05,1
#kabuletmiyoruzvazgeçmiyoruz,1,1,2021-03,2021-03,1,2021-03,1
#kadinasiddetehayir,1,1,2021-03,2021-03,1,2021-03,1
#kadınaşiddetehayır,1,1,2021-03,2021-03,1,2021-03,1
#kadınhakları,1,1,2021-03,2021-03,1,2021-03,1
#herasmye1shu,1,1,2024-09,2024-09,1,2024-09,1
#herasmyebirshu,1,1,2024-09,2024-09,1,2024-09,1
#herasmyeshu,1,1,2024-09,2024-09,1,2024-09,1
#herbelediyeyesosyalçalışmacı,1,1,2020-11,2020-11,1,2020-11,1
#herhaneyeherhastaneye,1,1,2024-09,2024-09,1,2024-09,1
#herhaneyesosyalhizmetuzmani,1,1,2024-08,2024-08,1,2024-08,1
#evdesağlık10binsosyalçalışmacı,1,1,2023-06,2023-06,1,2023-06,1
#eğitim,1,1,2020-09,2020-09,1,2020-09,1
#eğitimdanışmanıyla,1,1,2022-12,2022-12,1,2022-12,1
#fkocaatamai̇çintweetatın,1,1,2021-09,2021-09,1,2021-09,1
#fkocai̇kincialımhemen,1,1,2022-12,2022-12,1,2022-12,1
#fon,1,1,2020-09,2020-09,1,2020-09,1
#mahinurgöktasi̇stifa,1,1,2024-10,2024-10,1,2024-10,1
#kandilinizmübarekolsun,1,1,2025-09,2025-09,1,2025-09,1
#kapanıncaya,1,1,2021-03,2021-03,1,2021-03,1
#kararıgeriçeksözleşmeyiuygula,1,1,2021-03,2021-03,1,2021-03,1
#kariyer,1,1,2020-09,2020-09,1,2020-09,1
#kayıp,1,1,2022-02,2022-02,1,2022-02,1
#kimdirsosyalcalismaci,1,1,2021-01,2021-01,1,2021-01,1
#koca7ayoldu,1,1,2021-06,2021-06,1,2021-06,1
#kocayılbittialımvakti,1,1,2022-12,2022-12,1,2022-12,1
#korona,1,1,2020-04,2020-04,1,2020-04,1
#koydensehreherokulapdr,1,1,2020-11,2020-11,1,2020-11,1
#kpss2020incelensin,1,1,2020-10,2020-10,1,2020-10,1
#kpss2022iptaledilsin,1,1,2022-08,2022-08,1,2022-08,1
#kpss2024,1,1,2024-11,2024-11,1,2024-11,1
#i̇ş,1,1,2020-09,2020-09,1,2020-09,1
#kabinedenbeklentim,1,1,2023-06,2023-06,1,2023-06,1
#mevlidkandilimizmübarekolsun,1,1,2025-09,2025-09,1,2025-09,1
#müjdeseçimdebekleuinsnyanık,1,1,2023-04,2023-04,1,2023-04,1
#mülakatsız10binshu,1,1,2022-11,2022-11,1,2022-11,1
#mülakatsız5binshu,1,1,2024-01,2024-01,1,2024-01,1
#mülakatsızalımliyakatlıalım,1,1,2024-01,2024-01,1,2024-01,1
#kpssdeikincifetoskandali,1,1,2022-08,2022-08,1,2022-08,1
#kpssyiartikaciklaosym,1,1,2020-10,2020-10,1,2020-10,1
#köydenşehreherokulashu,1,1,2020-11,2020-11,1,2020-11,1
#kırmızıyelekli,1,1,2021-09,2021-09,1,2021-09,1
#lgbt,1,1,2021-03,2021-03,1,2021-03,1
#lgbthaklarıinsanhaklarıdır,1,1,2021-03,2021-03,1,2021-03,1
#lgbttürkiye,1,1,2021-03,2021-03,1,2021-03,1
#lisansalımınedenyok,1,1,2024-10,2024-10,1,2024-10,1
#lisanssosyalhizmetatama,1,1,2024-10,2024-10,1,2024-10,1
#lisanssosyalhizmetnerede,1,1,2024-10,2024-10,1,2024-10,1
#liyakatsizmülakat,1,1,2022-05,2022-05,1,2022-05,1
#osymsonuclarihatali,1,1,2020-10,2020-10,1,2020-10,1
#otizmli,1,1,2022-12,2022-12,1,2022-12,1
#oylar2431degil25binshuya,1,1,2023-04,2023-04,1,2023-04,1
#oyum,1,1,2022-11,2022-11,1,2022-11,1
#oyum15binpsikoloğa,1,1,2023-04,2023-04,1,2023-04,1
#oyum25binshu,1,1,2023-04,2023-04,1,2023-04,1
#oyum25binshuya,1,1,2023-04,2023-04,1,2023-04,1
#oyum25binsosyalhizmetuzmanına,1,1,2022-12,2022-12,1,2022-12,1
#mahinurozdemir,1,1,2023-09,2023-09,1,2023-09,1
#malatyalılargünü,1,1,2021-04,2021-04,1,2021-04,1
#mebevarsagli̇gayokmu,1,1,2021-09,2021-09,1,2021-09,1
#memişoğluacilatama,1,1,2024-10,2024-10,1,2024-10,1
#memişoğluatamanezaman,1,1,2024-10,2024-10,1,2024-10,1
#mertcankayaiçinadalet,1,1,2021-05,2021-05,1,2021-05,1
#mesafe,1,1,2021-03,2021-03,1,2021-03,1
#mevlidkandili,1,1,2025-09,2025-09,1,2025-09,1
#genclikvespor2000sosyalcalismaci,1,1,2020-11,2020-11,1,2020-11,1
#gerçekmüjde25binshu,1,1,2023-04,2023-04,1,2023-04,1
#giresununineleroluyor,1,1,2020-12,2020-12,1,2020-12,1
#google_vignette,1,1,2021-03,2021-03,1,2021-03,1
#gsbdenbeklentim,1,1,2021-01,2021-01,1,2021-01,1
#göktaşsosyalçalışmacıata,1,1,2024-10,2024-10,1,2024-10,1
#gönüllülük,1,1,2020-09,2020-09,1,2020-09,1
#hacerfoggomeclise,1,1,2023-05,2023-05,1,2023-05,1
#dijitalkampüs,1,1,2020-11,2020-11,1,2020-11,1
#dileksönmez,1,1,2023-02,2023-02,1,2023-02,1
#diyediye,1,1,2022-11,2022-11,1,2022-11,1
#dunyakadinlargunu,1,1,2021-03,2021-03,1,2021-03,1
#dünyasosyalhizmetgünü,1,1,2023-03,2023-03,1,2023-03,1
#edergi,1,1,2021-03,2021-03,1,2021-03,1
#egitim,1,1,2022-12,2022-12,1,2022-12,1
#orbeli̇landahatavar,1,1,2021-01,2021-01,1,2021-01,1
#shu10binatama,1,1,2024-09,2024-09,1,2024-09,1
#shu15alım,1,1,2023-06,2023-06,1,2023-06,1
#pdryenormmüjdesi,1,1,2022-12,2022-12,1,2022-12,1
#pomem30hemen,1,1,2023-04,2023-04,1,2023-04,1
#proje,1,1,2020-09,2020-09,1,2020-09,1
#psikolog,1,1,2023-10,2023-10,1,2023-10,1
#psikolojideacikogretimehayir,1,1,2020-07,2020-07,1,2020-07,1
#psikolojikdanışman,1,1,2021-01,2021-01,1,2021-01,1
#puancokkadro,1,1,2022-11,2022-11,1,2022-11,1
#saglikliyassureci,1,1,2022-02,2022-02,1,2022-02,1
#saglıkbakanlıgı,1,1,2021-11,2021-11,1,2021-11,1
#sahipçıkanyok,1,1,2022-12,2022-12,1,2022-12,1
#neaçıktanneuzaktanolmaz,1,1,2021-03,2021-03,1,2021-03,1
#okulsosyalhizmetihemen,1,1,2026-04,2026-04,1,2026-04,1
#olsa,1,1,2020-11,2020-11,1,2020-11,1
#onocak15binziraat,1,1,2023-01,2023-01,1,2023-01,1
#ekdersehayır,1,1,2024-06,2024-06,1,2024-06,1
#ekderskaldırılsın,1,1,2024-06,2024-06,1,2024-06,1
#enkötüüniaöfteni̇yidir,1,1,2024-09,2024-09,1,2024-09,1
#etiket,1,1,2023-01,2023-01,1,2023-01,1
#etkinkampüs,1,1,2020-11,2020-11,1,2020-11,1
#etkinlik,1,1,2021-03,2021-03,1,2021-03,1
#evdesaglıkhizmetine10binshu,1,1,2023-06,2023-06,1,2023-06,1
#cbonaylakocakılavuzuyayımla,1,1,2021-12,2021-12,1,2021-12,1
#covid,1,1,2020-04,2020-04,1,2020-04,1
#covid19,1,1,2020-04,2020-04,1,2020-04,1
#cteyesosyalçalışmacıaz,1,1,2021-11,2021-11,1,2021-11,1
#sağlığa10binsosyalçalışmacı,1,1,2025-05,2025-05,1,2025-05,1
#sağlığagelmeyenkılavuz,1,1,2020-11,2020-11,1,2020-11,1
#sağlığasözvarkılavuzyok,1,1,2020-10,2020-10,1,2020-10,1
#sbi̇kiaybittiağustostai̇lan,1,1,2021-08,2021-08,1,2021-08,1
#seçimesağlıktayeniatama,1,1,2023-04,2023-04,1,2023-04,1
#derya,1,1,2023-03,2023-03,1,2023-03,1
#devletavukatınasözverdi,1,1,2023-01,2023-01,1,2023-01,1
#devletsosyalhizmetuzmanınasözverdi,1,1,2023-01,2023-01,1,2023-01,1
#dgs,1,1,2020-10,2020-10,1,2020-10,1
#babamicinadaletistiyorum,1,1,2021-01,2021-01,1,2021-01,1
#bakanyanikistifa,1,1,2022-11,2022-11,1,2022-11,1
#bakanyanıkistifa,1,1,2023-02,2023-02,1,2023-02,1
#bayrammüjdesi,1,1,2024-04,2024-04,1,2024-04,1
#bilalyıldız,1,1,2022-12,2022-12,1,2022-12,1
#shupskçgtakipleşiyor,1,1,2020-11,2020-11,1,2020-11,1
#shutaki̇pleşiyor,1,1,2023-10,2023-10,1,2023-10,1
#samandagaacilyardim,1,1,2023-02,2023-02,1,2023-02,1
#samandağ,1,1,2023-02,2023-02,1,2023-02,1
#sağlıkbakanlığına10binsosyalhizmetuzmanı,1,1,2023-06,2023-06,1,2023-06,1
#sağlıkçızimmetbekliyor,1,1,2022-01,2022-01,1,2022-01,1
#sağlığa1000sosyalçalışmacı,1,1,2020-10,2020-10,1,2020-10,1
#sngülctedesosyalçalışmacıyok,1,1,2021-10,2021-10,1,2021-10,1
#bilalyıldızaözgürlük,1,1,2022-12,2022-12,1,2022-12,1
#birterslikvar,1,1,2022-11,2022-11,1,2022-11,1
#biyologmeslekyasası,1,1,2023-01,2023-01,1,2023-01,1
#böylemiolacaktı,1,1,2023-01,2023-01,1,2023-01,1
#ashbpersonelalımı,1,1,2025-11,2025-11,1,2025-11,1
#ashbvemebmulakatı,1,1,2022-05,2022-05,1,2022-05,1
#aslıuzun,1,1,2023-02,2023-02,1,2023-02,1
#snkocaatamasözünüzvardı,1,1,2020-10,2020-10,1,2020-10,1
#snkocaoncesonucsonrakilavuz,1,1,2020-10,2020-10,1,2020-10,1
#snkocasonuctansonraata,1,1,2020-10,2020-10,1,2020-10,1
#snyanıkasdepklavuzgecikti,1,1,2021-09,2021-09,1,2021-09,1
#shugünündemüjde,1,1,2023-03,2023-03,1,2023-03,1
#dalgageçmeadamgibialımyap,1,1,2023-04,2023-04,1,2023-04,1
#dergi,1,1,2021-03,2021-03,1,2021-03,1
#ders,1,1,2020-10,2020-10,1,2020-10,1
#sosyalhizmetkadrolarıyanıyor,1,1,2020-10,2020-10,1,2020-10,1
#sosyalhizmetlersosveriyor,1,1,2020-11,2020-11,1,2020-11,1
#snyanıkmülakatsızalım,1,1,2022-01,2022-01,1,2022-01,1
#snyanıkmülakatsızsosyalçalışmacıatamasıtalepediyoruz,1,1,2021-11,2021-11,1,2021-11,1
#snzehrazümrütekatamayap,1,1,2020-05,2020-05,1,2020-05,1
#snzehrazümrütsosyalhizmet1000atama,1,1,2020-10,2020-10,1,2020-10,1
#snzehrazümrütyanansosyalçalışmacıkadrolarınıunutma,1,1,2020-10,2020-10,1,2020-10,1
#snzumrutsosyalcalışmacılaryanan1000kadroyui̇stiyor,1,1,2020-10,2020-10,1,2020-10,1
#snzümrütasdepadaylarısonuçbekliyor,1,1,2020-08,2020-08,1,2020-08,1
#snzümrütekatamahakkımız,1,1,2020-10,2020-10,1,2020-10,1
#snzümrütkadromuzuiadeet,1,1,2020-10,2020-10,1,2020-10,1
#sondakika,1,1,2023-02,2023-02,1,2023-02,1
#sosyalcalışmacıadaletistiyor,1,1,2024-06,2024-06,1,2024-06,1
#simdidegilsenezaman,1,1,2020-12,2020-12,1,2020-12,1
#siz,1,1,2021-01,2021-01,1,2021-01,1
#snbakanımyanankadrolari̇cinatama,1,1,2020-10,2020-10,1,2020-10,1
#sosyalservis,1,1,2022-02,2022-02,1,2022-02,1
#sosyalçalışmacıi̇stihdamıgeliyor,1,1,2023-10,2023-10,1,2023-10,1
#sosyalhizmetatamabekliyor,1,1,2024-09,2024-09,1,2024-09,1
#sosyalhizmeteadalet,1,1,2021-07,2021-07,1,2021-07,1
#sosyalhizmeteadaletlikontenjan,1,1,2021-01,2021-01,1,2021-01,1
#asmdediyetisyenşart,1,1,2023-01,2023-01,1,2023-01,1
#asmye10binshu,1,1,2024-09,2024-09,1,2024-09,1
#aspbvemebmulakatı,1,1,2022-05,2022-05,1,2022-05,1
#aöfsosyalhizmetkapatilsin,1,1,2021-01,2021-01,1,2021-01,1
#ai̇leye10bi̇nsosyalçalişmaci,1,1,2023-09,2023-09,1,2023-09,1
#aklınızdanbilegeçirmeyin,1,1,2021-03,2021-03,1,2021-03,1
#aksenerden100binogretmen,1,1,2022-12,2022-12,1,2022-12,1
#sosyalhizmetindeğerinibilin,1,1,2020-10,2020-10,1,2020-10,1
#sosyalhizmeti̇cini̇mzala,1,1,2020-12,2020-12,1,2020-12,1
#sosyalhizmeti̇stihdamı,1,1,2024-08,2024-08,1,2024-08,1
#sosyalhizmeti̇çinberaberiz,1,1,2021-03,2021-03,1,2021-03,1
#ailebakanlığıdytatamalı,1,1,2024-11,2024-11,1,2024-11,1
#ailedemulakatahayir,1,1,2020-11,2020-11,1,2020-11,1
#ailerehberi,1,1,2024-10,2024-10,1,2024-10,1
#staj,1,1,2020-09,2020-09,1,2020-09,1
#sözet,1,1,2021-03,2021-03,1,2021-03,1
#sözetdergi,1,1,2021-03,2021-03,1,2021-03,1
#süleymansoylu2000sosyalcalismaci,1,1,2020-11,2020-11,1,2020-11,1
#sürecler,1,1,2022-02,2022-02,1,2022-02,1
#takvim,1,1,2021-03,2021-03,1,2021-03,1
#tamdayeri,1,1,2023-09,2023-09,1,2023-09,1
#sosyalhizmettakipleşiyor,1,1,2020-11,2020-11,1,2020-11,1
#sosyalhizmetteacikogretimehayir,1,1,2020-07,2020-07,1,2020-07,1
#sosyalhizmetteacikogretimehayır,1,1,2020-07,2020-07,1,2020-07,1
#sosyalhizmettoplulukları,1,1,2021-03,2021-03,1,2021-03,1
#sosyalhizmetuzmanları,1,1,2021-10,2021-10,1,2021-10,1
#sosyalhizmetuzmanlarına5binatama,1,1,2024-09,2024-09,1,2024-09,1
#türkçerap,1,1,2021-03,2021-03,1,2021-03,1
#türkçerapfm,1,1,2021-03,2021-03,1,2021-03,1
#türkçerapsözleri,1,1,2021-03,2021-03,1,2021-03,1
#ubuntu,1,1,2021-03,2021-03,1,2021-03,1
#verilen,1,1,2021-01,2021-01,1,2021-01,1
#sosyalçalışmacılara5binatama,1,1,2024-09,2024-09,1,2024-09,1
#aralıkta,1,1,2022-11,2022-11,1,2022-11,1
#aralıkta10bin,1,1,2022-11,2022-11,1,2022-11,1
#aralıkta22milyonshu,1,1,2022-12,2022-12,1,2022-12,1
#asdep,1,1,2020-10,2020-10,1,2020-10,1
#asdep4bkadromagduru,1,1,2023-05,2023-05,1,2023-05,1
#asdepatamanerede,1,1,2023-01,2023-01,1,2023-01,1
#asdepesadeceshu,1,1,2022-11,2022-11,1,2022-11,1
#afadhataya,1,1,2023-02,2023-02,1,2023-02,1
#afetiayayaver,1,1,2023-02,2023-02,1,2023-02,1
#afettenöncejeofizik,1,1,2023-01,2023-01,1,2023-01,1
#173164,1,1,2020-11,2020-11,1,2020-11,1
#yüzyıla25binshu,1,1,2022-12,2022-12,1,2022-12,1
#çağdaşsosyalhizmetteknikleri,1,1,2021-01,2021-01,1,2021-01,1
#çocukgelişimi,1,1,2021-03,2021-03,1,2021-03,1
#çşbi̇lanaşehirplancısı,1,1,2023-03,2023-03,1,2023-03,1
#ölüm,1,1,2022-02,2022-02,1,2022-02,1
#öneriler,1,1,2022-02,2022-02,1,2022-02,1
#yaslihizmetleri,1,1,2022-02,2022-02,1,2022-02,1
#yaslininyuksekyarari,1,1,2022-02,2022-02,1,2022-02,1
#yatılı,1,1,2022-12,2022-12,1,2022-12,1
#yaşamkoçlugu,1,1,2022-12,2022-12,1,2022-12,1
#yaşamkoçluğu,1,1,2022-12,2022-12,1,2022-12,1
#yeşilada,1,1,2023-02,2023-02,1,2023-02,1
#ylsy,1,1,2023-12,2023-12,1,2023-12,1
#2021kpssb,1,1,2020-10,2020-10,1,2020-10,1
#tamtersine,1,1,2022-11,2022-11,1,2022-11,1
#20binatamaashb,1,1,2025-07,2025-07,1,2025-07,1
#worldsocialworkday,1,1,2021-03,2021-03,1,2021-03,1
#yanikistifa,1,1,2023-04,2023-04,1,2023-04,1
#yardımadresim,1,1,2023-02,2023-02,1,2023-02,1
#yas,1,1,2022-02,2022-02,1,2022-02,1
#yasli,1,1,2022-02,2022-02,1,2022-02,1
#85milyona8500psikolog,1,1,2023-01,2023-01,1,2023-01,1
#8mart,1,1,2021-03,2021-03,1,2021-03,1
#8mart2021,1,1,2021-03,2021-03,1,2021-03,1
#acil10binshu,1,1,2022-12,2022-12,1,2022-12,1
#adalet406personelaliminiaçikla,1,1,2023-09,2023-09,1,2023-09,1
#adalete10binsosyalçalışmacı,1,1,2025-05,2025-05,1,2025-05,1
#adaletilan,1,1,2025-05,2025-05,1,2025-05,1
#2021kpssatamatakipleşiyor,1,1,2022-01,2022-01,1,2022-01,1
#2018kpsspuanıhükümsüzdür,1,1,2020-09,2020-09,1,2020-09,1
#173183,1,1,2023-01,2023-01,1,2023-01,1
