Topic,Count,yuzde,kelimeler
-1,45034,43.82,"kullanici, kullanici kullanici, sosyal, url, hizmet, sosyal hizmet, olan, alım, iyi, destek, bi, kişi"
0,5421,5.27,"bende, bilmiyorum, anlamadım, siz, bi, böyle, olmaz, sanmıyorum, sanırım, alım, belli, aynen"
1,4742,4.61,"çalışan, personeli, meslek, maaş, sözleşmeli, büro, iş, memur, personel, büro personeli, olan, sydv"
2,4171,4.06,"mezun, lisans, ek, eğitim, ders, öğretmen, öğretmenler, alim, yüksek, mezunu, yüksek lisans, aöf"
3,3463,3.37,"sosyal, sosyal hizmet, hizmet, sosyal çalışmacı, çalışmacı, uzmanı, hizmet uzmanı, kullanici, mezunu, lisans, kullanici kullanici, uzmanları"
4,3445,3.35,"herkes, bizi, böyle, etkinlik, yapalım, bi, lazım, devam, kimse, bizde, olsun, iyi"
5,3278,3.19,"bin, kişi, 1000, 500, 1500, 200, ilk, 100, kaç, 2000, lk, 30"
6,3211,3.12,"tweet, twitter, twit, rt, etkinlik, instagram, beğeni, destek, herkes, yorum, twitterda, yapalım"
7,2308,2.25,"80, 82, 85, 83, 81, puan, 79, 84, 78, 70, puanla, puanım"
8,2149,2.09,"olsun, inşallah, allah, güzel, hayırlı, iyi, nşallah, umarım, amin, sağlık, hayırlı olsun, devam"
9,2128,2.07,"sağlık, sağlık bakanlığı, bakanlığı, tıbbi, sağlık bakanlığına, sağlıkta, sekreter, bakanlığına, sağlık bakanlığında, alımı, sağlığa, hemşire"
10,1970,1.92,"bakan, bakanlık, bakanlığın, bakanlığa, bakanlıklar, alım, bakanlığı, bakanın, bakanlıkta, bakana, bakanlıktan, yorum"
11,1846,1.8,"yarın, saat, gün, hafta, akşam, gece, etkinlik, bugün, zaman, açıklanır, geç, belli"
12,1673,1.63,"stanbul, ankara, türkiye, sosyal, hizmet, sosyal hizmet, üniversitesi, türkçe, olan, diyarbakır, ankarada, url"
13,1415,1.38,"adalet, adalet bakanlığı, bakanlığı, adalette, adalet bakanlığında, adalete, alımı, adalet bakanlığının, adaletin, alımında, bakanlığında, adalet bakanlığına"
14,1341,1.3,"aile, aile danışmanlığı, danışmanlığı, aileye, ailede, ailenin, eğitimi, aile danışmanı, danışmanı, sertifika, sertifikası, alım"
15,1208,1.18,"aile, aile bakanlığı, bakanlığı, aile bakanlığının, aile bakanlığında, bakanlığının, bakanlığında, aile bakanlığına, alım, bakanlığına, alımı, aile bakanligi"
16,1200,1.17,"anladım, sağ olun, sağ, olun, tesekkur, ederiz, tamamdır, verdiğiniz, ediyorum, tesekkurler, anladim, peki"
17,1168,1.14,"başvuru, iptal, onaylandı, yazıyor, başvuruyu, başvurular, başvurularım, başvuru alındı, alındı, bekliyor, başvurusu, kısmında"
18,1161,1.13,"2022, 2024, 2020, kpss, 2022 kpss, 2023, alım, 2026, 2024 kpss, puanıyla, 2025, 2021"
19,1115,1.08,"psikolog, psikologlar, psikoloji, sosyoloji, sosyolog, sosyologlar, ruh, ruh sağlığı, destek, sağlığı, pdr, psikologların"
20,1059,1.03,"sınav, soru, sorular, sınava, iptal, soruları, sınavda, sınavı, sınavdan, sözlü, sınav iptal, hatalı"
21,1027,1.0,"puan, kaç, yüksek, puanla, düşük, puanlar, kaç puanla, puanı, puanınız, puana, tercih, puanlı"
22,709,0.69,"yazdım, cimere, özelden, yazabilir, yazmayı, yazıyor, yazalım, yazmak, metin, yazı, yazacağım, yazacak"
23,615,0.6,"seçim, oy, parti, muhalefet, siyasi, iktidar, seçimden, chp, federasyon, siyaset, seçim öncesi, muhalefetin"
24,580,0.56,"yıl, sene, geçen, alım, yılda, geçen sene, yil, yıllık, alımlar, oluyor, seneki, ay"
25,562,0.55,"okul sosyal, okul, sosyal hizmeti, hizmeti, sosyal, sosyal hizmet, hizmet, okulda, okullarda, eğitim, pdr, pilot"
26,556,0.54,"mail, adresi, posta, sayfa, adres, adresim, adresine, link, ilan, adresini, attım, telefondan"
27,538,0.52,"kpss, puanı, kpss puanı, kpss ye, puan, ye, mülakat, yüksek, puani, alan, kpss puan, kpss den"
28,503,0.49,"sesimizi, ses, duyuralım, sesimizi duyuralım, sesimiz, duyurmamız, duyurmak, sesimizi duyurmamız, sesimizi duyurmak, lazım, etkinlik, duyurmaya"
29,488,0.47,"kadın, erkek, sç, kadın erkek, kadına, kadınlar, cinsiyet, sç kadın, 99, kadin, şiddet, kadın konukevi"
30,483,0.47,"yorum, yorum yapalım, yapalım, yorumları, beğenelim, bol, herkes yorum, altına, herkes, yorumu, yorum yapın, yorumlar"
31,482,0.47,"destek, etkileşim, önemli, grupta, katılım, gruba, atanan, arkadaşlarımız, olan, verelim, etkinlik, arkadaş"
32,470,0.46,"şehir, ikamet, şehirler, hangi, ilçe, şartı, ev, tercih, şehirde, ikamet şartı, kiralar, ilçede"
33,426,0.41,"bakım, engelli, merkezinde, engelli bakım, rehabilitasyon, bakım merkezinde, özel, bakım merkezi, yaşlı, çalışan, merkezi, merkezinde çalışan"
34,417,0.41,"çocuk, evleri, çocuk evleri, çocuklar, sitesi, çocuğun, gelişimi, çocuk gelişimi, çocukların, ev, koordinasyon, evi"
35,409,0.4,"telefon, hi, sosyal hi, hi zmet, zmet, kontenjan, li, merkezi, bi, nli, etki, etki nli"
