kisi_orani,mesaj_orani
0.00018986140117714068,7.158811064658381e-06
0.0020884754129485475,7.87469217112422e-05
0.003987089424719955,0.000150335032357826
0.005885703436491361,0.00022192314300440984
0.007784317448262768,0.00029351125365099364
0.009682931460034174,0.0003650993642975775
0.011581545471805581,0.00043668747494416126
0.01348015948357699,0.000508275585590745
0.015378773495348396,0.0005798636962373289
0.017277387507119803,0.0006514518068839127
0.01917600151889121,0.0007230399175304965
0.021074615530662616,0.0007946280281770804
0.022973229542434023,0.0008662161388236642
0.02487184355420543,0.0009378042494702479
0.026770457565976836,0.0010093923601168318
0.028669071577748242,0.0010809804707634157
0.03056768558951965,0.0011525685814099994
0.032466299601291056,0.0012241566920565832
0.034364913613062466,0.001295744802703167
0.03626352762483387,0.0013673329133497508
0.03816214163660528,0.0014389210239963348
0.04006075564837668,0.0015105091346429185
0.04195936966014809,0.0015820972452895022
0.043857983671919495,0.0016536853559360862
0.045756597683690906,0.00172527346658267
0.047655211695462316,0.0017968615772292538
0.04955382570723372,0.0018684496878758376
0.05145243971900513,0.0019400377985224215
0.05335105373077653,0.0020116259091690052
0.05524966774254794,0.002083214019815589
0.057148281754319345,0.0021548021304621727
0.059046895766090755,0.0022263902411087566
0.06094550977786216,0.0022979783517553406
0.06284412378963357,0.002369566462401924
0.06474273780140498,0.002441154573048508
0.06664135181317637,0.002512742683695092
0.06853996582494779,0.002584330794341676
0.0704385798367192,0.0026559189049882594
0.0723371938484906,0.0027275070156348434
0.07423580786026202,0.0027990951262814273
0.07613442187203341,0.002870683236928011
0.07803303588380482,0.0029422713475745947
0.07993164989557623,0.0030138594582211787
0.08183026390734764,0.0030854475688677626
0.08372887791911904,0.003157035679514346
0.08562749193089045,0.00322862379016093
0.08752610594266186,0.003300211900807514
0.08942471995443327,0.0033718000114540975
0.09132333396620466,0.0034433881221006815
0.09322194797797607,0.0035149762327472654
0.09512056198974748,0.0035865643433938494
0.0970191760015189,0.003658152454040433
0.0989177900132903,0.003729740564687017
0.1008164040250617,0.0038013286753336008
0.10271501803683311,0.0038729167859801843
0.10461363204860452,0.003944504896626768
0.10651224606037593,0.004016093007273352
0.10841086007214733,0.004087681117919936
0.11030947408391874,0.00415926922856652
0.11220808809569015,0.004230857339213103
0.11410670210746156,0.004302445449859687
0.11600531611923295,0.004374033560506271
0.11790393013100436,0.004445621671152855
0.11980254414277577,0.004517209781799439
0.12170115815454718,0.004588797892446023
0.12359977216631858,0.004660386003092607
0.12549838617809,0.00473197411373919
0.12739700018986141,0.004803562224385774
0.1292956142016328,0.004875150335032358
0.1311942282134042,0.004946738445678942
0.13309284222517562,0.005018326556325526
0.13499145623694703,0.0050899146669721096
0.13689007024871844,0.0051615027776186935
0.13878868426048985,0.005233090888265277
0.14068729827226126,0.0053046789989118605
0.14258591228403267,0.0053762671095584445
0.14448452629580405,0.005447855220205028
0.14638314030757546,0.005519443330851612
0.14828175431934687,0.005591031441498196
0.15018036833111828,0.005662619552144779
0.1520789823428897,0.005734207662791363
0.1539775963546611,0.005805795773437947
0.1558762103664325,0.005877383884084531
0.15777482437820392,0.005948971994731115
0.15967343838997533,0.006020560105377699
0.1615720524017467,0.006092148216024283
0.16347066641351812,0.006163736326670866
0.16536928042528953,0.00623532443731745
0.16726789443706094,0.006306912547964034
0.16916650844883235,0.006378500658610618
0.17106512246060376,0.006450088769257202
0.17296373647237517,0.006521676879903786
0.17486235048414658,0.00659326499055037
0.17676096449591797,0.006664853101196953
0.17865957850768938,0.006736441211843537
0.1805581925194608,0.006808029322490121
0.1824568065312322,0.006879617433136705
0.1843554205430036,0.006951205543783289
0.18625403455477502,0.0070227936544298725
0.18815264856654643,0.0070943817650764565
0.19005126257831784,0.0071659698757230396
0.19194987659008925,0.0072375579863696235
0.19384849060186063,0.0073091460970162074
0.19574710461363204,0.007380734207662791
0.19764571862540345,0.007452322318309375
0.19954433263717486,0.007523910428955959
0.20144294664894627,0.007595498539602543
0.20334156066071768,0.007667086650249126
0.2052401746724891,0.007781627627283661
0.2071387886842605,0.007924803848576828
0.2090374026960319,0.008067980069869996
0.2109360167078033,0.008211156291163164
0.2128346307195747,0.008354332512456332
0.2147332447313461,0.0084975087337495
0.21663185874311752,0.008640684955042666
0.21853047275488893,0.008783861176335834
0.22042908676666034,0.008927037397629001
0.22232770077843175,0.00907021361892217
0.22422631479020316,0.009213389840215337
0.22612492880197455,0.009356566061508505
0.22802354281374596,0.009499742282801673
0.22992215682551737,0.009642918504094839
0.23182077083728878,0.009786094725388007
0.23371938484906019,0.009929270946681175
0.2356179988608316,0.010072447167974343
0.237516612872603,0.01021562338926751
0.23941522688437442,0.010358799610560679
0.24131384089614583,0.010501975831853846
0.2432124549079172,0.010645152053147013
0.24511106891968862,0.01078832827444018
0.24700968293146003,0.010931504495733348
0.24890829694323144,0.011074680717026516
0.25080691095500285,0.011217856938319684
0.25270552496677423,0.011361033159612852
0.25460413897854567,0.01150420938090602
0.25650275299031705,0.011647385602199186
0.2584013670020885,0.011790561823492354
0.26029998101385987,0.011933738044785522
0.2621985950256313,0.01207691426607869
0.2640972090374027,0.012220090487371858
0.26599582304917413,0.012363266708665025
0.2678944370609455,0.012506442929958193
0.2697930510727169,0.01264961915125136
0.27169166508448833,0.012792795372544527
0.2735902790962597,0.012935971593837695
0.27548889310803115,0.013079147815130863
0.27738750711980253,0.013222324036424031
0.27928612113157397,0.013365500257717199
0.28118473514334535,0.013508676479010367
0.2830833491551168,0.013651852700303533
0.2849819631668882,0.0137950289215967
0.28688057717865956,0.013938205142889869
0.288779191190431,0.014081381364183037
0.2906778052022024,0.014224557585476204
0.2925764192139738,0.014367733806769372
0.2944750332257452,0.014510910028062539
0.29637364723751664,0.014654086249355706
0.298272261249288,0.014797262470648874
0.3001708752610594,0.014940438691942042
0.30206948927283084,0.01508361491323521
0.3039681032846022,0.015226791134528378
0.30586671729637366,0.015369967355821546
0.30776533130814504,0.015513143577114712
0.3096639453199165,0.01565631979840788
0.31156255933168786,0.01579949601970105
0.3134611733434593,0.015942672240994216
0.3153597873552307,0.016085848462287382
0.31725840136700206,0.01622902468358055
0.3191570153787735,0.016372200904873718
0.3210556293905449,0.016551171181490177
0.3229542434023163,0.01676593551342993
0.3248528574140877,0.016980699845369682
0.32675147142585914,0.01719546417730943
0.3286500854376305,0.017410228509249184
0.33054869944940196,0.017624992841188937
0.33244731346117334,0.017839757173128686
0.3343459274729447,0.01805452150506844
0.33624454148471616,0.018269285837008188
0.33814315549648755,0.01848405016894794
0.340041769508259,0.018698814500887694
0.34194038352003037,0.018913578832827443
0.3438389975318018,0.019128343164767195
0.3457376115435732,0.019343107496706948
0.3476362255553446,0.019557871828646697
0.349534839567116,0.01977263616058645
0.3514334535788874,0.019987400492526203
0.3533320675906588,0.020202164824465952
0.3552306816024302,0.020416929156405705
0.35712929561420165,0.020631693488345454
0.35902790962597303,0.020846457820285207
0.36092652363774447,0.02106122215222496
0.36282513764951585,0.02127598648416471
0.3647237516612873,0.02149075081610446
0.36662236567305867,0.021705515148044214
0.36852097968483005,0.021920279479983963
0.3704195936966015,0.022135043811923716
0.3723182077083729,0.02234980814386347
0.3742168217201443,0.022564572475803218
0.3761154357319157,0.02277933680774297
0.37801404974368713,0.022994101139682723
0.3799126637554585,0.023208865471622472
0.3818112777672299,0.023423629803562225
0.38370989177900133,0.023638394135501974
0.3856085057907727,0.023853158467441727
0.38750711980254415,0.02406792279938148
0.38940573381431554,0.02428268713132123
0.391304347826087,0.02449745146326098
0.39320296183785836,0.024712215795200734
0.3951015758496298,0.024926980127140484
0.3970001898614012,0.025141744459080236
0.39889880387317256,0.02535650879101999
0.400797417884944,0.025571273122959738
0.4026960318967154,0.02578603745489949
0.4045946459084868,0.02605091346429185
0.4064932599202582,0.026337265906878186
0.40839187393202964,0.02662361834946452
0.410290487943801,0.026909970792050857
0.41218910195557246,0.027196323234637193
0.41408771596734384,0.027482675677223525
0.4159863299791152,0.02776902811980986
0.41788494399088666,0.028055380562396197
0.41978355800265804,0.028341733004982533
0.4216821720144295,0.02862808544756887
0.42358078602620086,0.028914437890155204
0.4254794000379723,0.02920079033274154
0.4273780140497437,0.029487142775327872
0.4292766280615151,0.029773495217914208
0.4311752420732865,0.030059847660500544
0.4330738560850579,0.03034620010308688
0.4349724700968293,0.030632552545673215
0.4368710841086007,0.03091890498825955
0.43876969812037214,0.031205257430845883
0.4406683121321435,0.03149160987343222
0.44256692614391496,0.03177796231601856
0.44446554015568634,0.03206431475860489
0.4463641541674578,0.03235066720119122
0.44826276817922917,0.03263701964377756
0.45016138219100055,0.032923372086363895
0.452059996202772,0.033209724528950234
0.45395861021454337,0.033496076971536566
0.4558572242263148,0.033782429414122905
0.4577558382380862,0.03406878185670924
0.4596544522498576,0.03435513429929557
0.461553066261629,0.03464148674188191
0.4634516802734004,0.03492783918446824
0.46535029428517183,0.03521419162705458
0.4672489082969432,0.03550054406964091
0.46914752230871465,0.03578689651222725
0.47104613632048603,0.03610188419907222
0.47294475033225747,0.03645982475230514
0.47484336434402885,0.036817765305538055
0.4767419783558003,0.037175705858770974
0.47864059236757167,0.03753364641200389
0.48053920637934305,0.03789158696523681
0.4824378203911145,0.03824952751846973
0.4843364344028859,0.03860746807170265
0.4862350484146573,0.03896540862493557
0.4881336624264287,0.03932334917816849
0.49003227643820013,0.039681289731401406
0.4919308904499715,0.040039230284634325
0.49382950446174295,0.040397170837867244
0.49572811847351433,0.04075511139110016
0.4976267324852857,0.04111305194433309
0.49952534649705715,0.04147099249756601
0.5014239605088285,0.041828933050798926
0.5033225745205999,0.042186873604031845
0.5052211885323714,0.042544814157264764
0.5071198025441428,0.04290275471049768
0.5090184165559142,0.0432606952637306
0.5109170305676856,0.04361863581696352
0.5128156445794569,0.04397657637019644
0.5147142585912284,0.04433451692342936
0.5166128726029998,0.04469245747666228
0.5185114866147712,0.045050398029895196
0.5204101006265426,0.045408338583128115
0.5223087146383141,0.04580923200274899
0.5242073286500855,0.046238760666628485
0.5261059426618568,0.04666828933050799
0.5280045566736282,0.04709781799438749
0.5299031706853996,0.047527346658266995
0.5318017846971711,0.0479568753221465
0.5337003987089425,0.048386403986026
0.5355990127207139,0.048815932649905504
0.5374976267324852,0.04924546131378501
0.5393962407442567,0.04967498997766451
0.5412948547560281,0.05010451864154401
0.5431934687677995,0.05053404730542352
0.5450920827795709,0.05096357596930302
0.5469906967913423,0.05139310463318252
0.5488893108031138,0.05182263329706202
0.5507879248148851,0.052252161960941526
0.5526865388266565,0.05268169062482103
0.5545851528384279,0.05311121928870053
0.5564837668501994,0.053540747952580035
0.5583823808619708,0.05397027661645954
0.5602809948737422,0.05441412290246836
0.5621796088855135,0.054915239676994444
0.5640782228972849,0.05541635645152053
0.5659768369090564,0.05591747322604662
0.5678754509208278,0.056418590000572706
0.5697740649325992,0.05691970677509879
0.5716726789443706,0.057420823549624876
0.5735712929561421,0.05792194032415097
0.5754699069679134,0.05842305709867705
0.5773685209796848,0.05892417387320314
0.5792671349914562,0.05942529064772922
0.5811657490032276,0.059926407422255315
0.5830643630149991,0.0604275241967814
0.5849629770267705,0.060928640971307485
0.5868615910385419,0.06142975774583357
0.5887602050503132,0.06193087452035966
0.5906588190620847,0.06246778535020904
0.5925574330738561,0.0630404902353817
0.5944560470856275,0.06361319512055438
0.5963546610973989,0.06418590000572705
0.5982532751091703,0.06475860489089971
0.6001518891209418,0.06533130977607239
0.6020505031327131,0.06590401466124506
0.6039491171444845,0.06647671954641773
0.6058477311562559,0.0670494244315904
0.6077463451680274,0.06762212931676308
0.6096449591797988,0.06819483420193574
0.6115435731915702,0.0687675390871084
0.6134421872033415,0.06934024397228108
0.6153408012151129,0.06991294885745375
0.6172394152268844,0.07055008304220835
0.6191380292386558,0.0711943760380276
0.6210366432504272,0.07183866903384686
0.6229352572621986,0.07248296202966611
0.62483387127397,0.07312725502548537
0.6267324852857414,0.07377154802130462
0.6286310992975128,0.07441584101712388
0.6305297133092842,0.07506013401294313
0.6324283273210556,0.07570442700876238
0.6343269413328271,0.07634872000458164
0.6362255553445985,0.07699301300040089
0.6381241693563698,0.07763730599622015
0.6400227833681412,0.0782815989920394
0.6419213973799127,0.07892589198785865
0.6438200113916841,0.0795701849836779
0.6457186254034555,0.0802431132237558
0.6476172394152269,0.08095899433022163
0.6495158534269982,0.08167487543668747
0.6514144674387697,0.08239075654315331
0.6533130814505411,0.08310663764961915
0.6552116954623125,0.08382251875608498
0.6571103094740839,0.08453839986255082
0.6590089234858554,0.08525428096901666
0.6609075374976268,0.0859701620754825
0.6628061515093981,0.08668604318194834
0.6647047655211695,0.08740192428841417
0.6666033795329409,0.0881535994502033
0.6685019935447124,0.08894106866731573
0.6704006075564838,0.08972853788442815
0.6722992215682552,0.09051600710154058
0.6741978355800265,0.091303476318653
0.6760964495917979,0.09209094553576543
0.6779950636035694,0.09287841475287784
0.6798936776153408,0.09366588396999026
0.6817922916271122,0.09445335318710268
0.6836909056388836,0.09524082240421511
0.6855895196506551,0.09603545043239219
0.6874881336624264,0.0968945077601512
0.6893867476741978,0.0977535650879102
0.6912853616859692,0.0986126224156692
0.6931839756977406,0.09947167974342822
0.6950825897095121,0.10033073707118721
0.6969812037212835,0.10118979439894622
0.6988798177330549,0.10204885172670523
0.7007784317448262,0.10290790905446423
0.7026770457565977,0.10381707805967585
0.7045756597683691,0.10474772349808144
0.7064742737801405,0.10567836893648702
0.7083728877919119,0.10660901437489262
0.7102715018036833,0.1075396598132982
0.7121701158154548,0.1084703052517038
0.7140687298272261,0.10940095069010938
0.7159673438389975,0.11034591375064429
0.7178659578507689,0.11134814729969647
0.7197645718625404,0.11235038084874864
0.7216631858743118,0.11335261439780081
0.7235617998860832,0.11435484794685298
0.7254604138978545,0.11535708149590516
0.7273590279096259,0.11638795028921596
0.7292576419213974,0.11746177194891473
0.7311562559331688,0.11853559360861349
0.7330548699449402,0.11960941526831224
0.7349534839567116,0.120683236928011
0.736852097968483,0.12175705858770976
0.7387507119802544,0.12283088024740851
0.7406493259920258,0.12396913120668919
0.7425479400037972,0.12511454097703453
0.7444465540155686,0.12625995074737986
0.7463451680273401,0.12740536051772522
0.7482437820391115,0.12855077028807055
0.7501423960508828,0.1296961800584159
0.7520410100626542,0.1308630662619552
0.7539396240744257,0.13208006414294715
0.7558382380861971,0.13329706202393907
0.7577368520979685,0.13451405990493098
0.7596354661097399,0.13573105778592293
0.7615340801215112,0.1370053261554321
0.7634326941332827,0.13829391214707062
0.7653313081450541,0.13958249813870913
0.7672299221568255,0.14087108413034763
0.7691285361685969,0.14215967012198613
0.7710271501803684,0.14344825611362466
0.7729257641921398,0.14480843021590975
0.7748243782039111,0.14616860431819484
0.7767229922156825,0.14752877842047993
0.7786216062274539,0.14888895252276502
0.7805202202392254,0.15029923830250272
0.7824188342509968,0.1517310005154344
0.7843174482627682,0.15316276272836607
0.7862160622745396,0.15459452494129775
0.788114676286311,0.1560334459652941
0.7900132902980824,0.15753679628887235
0.7919119043098538,0.1590401466124506
0.7938105183216252,0.16054349693602887
0.7957091323333966,0.16204684725960714
0.7976077463451681,0.1635501975831854
0.7995063603569394,0.1651108183952809
0.8014049743687108,0.16668575682950576
0.8033035883804822,0.16826785407479525
0.8052022023922537,0.16991438061966668
0.8071008164040251,0.17156090716453812
0.8089994304157965,0.17320743370940955
0.8108980444275679,0.17485396025428096
0.8127966584393392,0.17656491609873431
0.8146952724511107,0.17828303075425234
0.8165938864628821,0.180008304220835
0.8184925004746535,0.1817980069869996
0.8203911144864249,0.18358770975316419
0.8222897284981964,0.1853917301414581
0.8241883425099678,0.1872530210182693
0.8260869565217391,0.18911431189508046
0.8279855705335105,0.19100423801615027
0.8298841845452819,0.19293711700360805
0.8317827985570534,0.19491294885745375
0.8336814125688248,0.1969174159555581
0.8355800265805962,0.19894335948685643
0.8374786405923675,0.20101941469560736
0.839377254604139,0.20309546990435828
0.8412758686159104,0.20523595441269113
0.8431744826276818,0.20738359773208864
0.8450730966394532,0.2095455586736155
0.8469717106512246,0.2117647901036596
0.8488703246629961,0.21400549796689766
0.8507689386747674,0.21629631750758835
0.8526675526865388,0.2186229311036023
0.8545661666983102,0.2209853387549396
0.8564647807100816,0.22341217570585878
0.8583633947218531,0.2258461714678426
0.8602620087336245,0.22829448485195578
0.8621606227453958,0.23080006872458622
0.8640592367571672,0.23332712903041064
0.8659578507689387,0.23590430101368765
0.8678564647807101,0.23849579061909398
0.8697550787924815,0.24114455071301757
0.8716536928042529,0.24385058129545845
0.8735523068160242,0.24663535879961057
0.8754509208277957,0.24946308917015061
0.8773495348395671,0.252326613596014
0.8792481488513385,0.2552617261325239
0.8811467628631099,0.2582397915354218
0.8830453768748814,0.26130376267109556
0.8849439908866528,0.264417845484222
0.8868426048984241,0.2676106752190596
0.8887412189101955,0.2708321401981559
0.8906398329219669,0.27412519328789875
0.8925384469337384,0.27746119924402957
0.8944370609455098,0.28084015806654833
0.8963356749572812,0.2842763873775843
0.8982342889690526,0.28774841074394364
0.900132902980824,0.2912991810320142
0.9020315169925954,0.2949859687303133
0.9039301310043668,0.29882309146097014
0.9058287450161382,0.30273180230227364
0.9077273590279096,0.30673357768741766
0.9096259730396811,0.31086421167172557
0.9115245870514525,0.31508075138880937
0.9134232010632238,0.31936172040547506
0.9153218150749952,0.323742912777046
0.9172204290867667,0.32828875780310407
0.9191190430985381,0.33297062023939067
0.9210176571103095,0.33775270603058244
0.9229162711220809,0.34268512685413205
0.9248148851338522,0.3477535650879102
0.9267134991456237,0.3529508619208522
0.9286121131573951,0.358319970219346
0.9305107271691665,0.3638537311723269
0.9324093411809379,0.3695449859687303
0.9343079551927094,0.37540089341962085
0.9362065692044808,0.38142861233606323
0.9381051832162521,0.3876066662848634
0.9400037972280235,0.3939350552660214
0.9419024112397949,0.4004280969016666
0.9438010252515664,0.40704999713647555
0.9456996392633378,0.4138866617032243
0.9475982532751092,0.42098820227936545
0.9494968672868805,0.42831166599851095
0.951395481298652,0.4359143233491782
0.9532940953104234,0.4438033331424317
0.9551927093221948,0.4518927896454957
0.9570913233339662,0.4601898516694347
0.9589899373457376,0.46875178970276615
0.9608885513575091,0.47757860374548994
0.9627871653692804,0.4869280109959338
0.9646857793810518,0.49675705858770974
0.9665843933928232,0.5070371112765591
0.9684830074045947,0.5177681690624821
0.9703816214163661,0.5289001202680259
0.9722802354281375,0.5405832999255483
0.9741788494399088,0.5528964549567608
0.9760774634516802,0.5658968558501803
0.9779760774634517,0.5795487085504839
0.9798746914752231,0.5941813183666457
0.9817733054869945,0.6099163850867648
0.9836719194987659,0.6276630777160529
0.9855705335105374,0.6467627856365615
0.9874691475223087,0.6680316133096615
0.9893677615340801,0.6924861119065345
0.9912663755458515,0.7190166657121585
0.9931649895576229,0.7485682377870683
0.9950636035693944,0.7873260408911288
0.9969622175811658,0.8365643433938491
0.9988608315929371,0.916972109272092
1.0,1.0
