terim,grup,mesaj,oran_yuzde,gonderici,ilk_ay,son_ay
etkinlik,bağlam gerektirir,3369,2.494,614,2020-05,2026-07
twitter çağrısı,bağlam gerektirir,935,0.692,359,2020-05,2026-05
imza,net,905,0.67,377,2020-05,2026-06
destek çağrısı,bağlam gerektirir,818,0.606,382,2020-05,2026-07
hashtag/etiket,bağlam gerektirir,760,0.563,223,2020-05,2026-04
dilekçe,net,396,0.293,214,2020-06,2026-07
tt/gündem,bağlam gerektirir,324,0.24,163,2020-07,2026-06
kampanya,net,76,0.056,48,2020-09,2025-11
toplanma çağrısı,bağlam gerektirir,0,0.0,0,,
