ay,mesaj,hashtagli,sablon,sinyal_dar,sinyal_genis,gonderici,sinyal_dar_oran
2020-04,17,1,0,1,1,6,5.88
2020-05,526,3,0,4,11,89,0.76
2020-06,417,0,0,3,6,100,0.72
2020-07,362,2,0,6,14,66,1.66
2020-08,358,5,0,9,40,75,2.51
2020-09,1591,4,0,10,25,156,0.63
2020-10,6198,50,6,88,265,454,1.42
2020-11,7164,35,0,173,451,541,2.41
2020-12,3888,10,13,163,346,413,4.19
2021-01,3709,38,28,166,325,467,4.48
2021-02,860,25,0,33,61,220,3.84
2021-03,1193,50,0,64,131,231,5.36
2021-04,721,30,0,39,71,191,5.41
2021-05,701,10,0,12,34,184,1.71
2021-06,612,2,0,9,28,182,1.47
2021-07,696,45,0,49,71,124,7.04
2021-08,1190,116,0,117,173,235,9.83
2021-09,1247,129,0,134,198,200,10.75
2021-10,1164,112,0,120,148,192,10.31
2021-11,2164,153,0,168,233,289,7.76
2021-12,2544,39,0,53,128,304,2.08
2022-01,3300,8,0,48,67,478,1.45
2022-02,1179,1,0,7,9,353,0.59
2022-03,1565,0,0,11,14,350,0.7
2022-04,576,1,0,5,24,172,0.87
2022-05,1943,5,3,20,45,412,1.03
2022-06,545,0,0,7,7,209,1.28
2022-07,399,0,0,0,0,152,0.0
2022-08,976,2,0,3,10,198,0.31
2022-09,695,0,0,2,13,170,0.29
2022-10,4351,37,11,249,638,575,5.72
2022-11,8567,41,6,103,671,746,1.2
2022-12,8200,38,6,65,617,601,0.79
2023-01,5582,60,8,77,624,464,1.38
2023-02,3126,10,6,18,172,431,0.58
2023-03,3282,21,0,36,235,365,1.1
2023-04,5401,17,0,46,300,474,0.85
2023-05,2190,3,0,11,78,310,0.5
2023-06,2097,13,0,21,94,306,1.0
2023-07,1066,3,0,8,37,170,0.75
2023-08,1735,0,0,0,67,215,0.0
2023-09,1605,35,7,36,151,202,2.24
2023-10,1544,21,0,28,116,247,1.81
2023-11,575,1,0,5,27,147,0.87
2023-12,1081,3,0,7,29,262,0.65
2024-01,1283,5,0,7,90,241,0.55
2024-02,2536,6,2,15,66,422,0.59
2024-03,2163,1,3,20,38,380,0.92
2024-04,6644,1,0,39,56,924,0.59
2024-05,1275,0,0,27,30,307,2.12
2024-06,842,1,1,14,16,246,1.66
2024-07,1636,0,0,14,23,322,0.86
2024-08,1826,7,0,18,69,364,0.99
2024-09,3472,38,3,51,218,356,1.47
2024-10,1552,21,0,27,141,232,1.74
2024-11,1587,2,0,3,52,287,0.19
2024-12,1085,2,0,8,37,201,0.74
2025-01,730,7,0,12,41,198,1.64
2025-02,1221,1,0,4,12,262,0.33
2025-03,1041,9,3,17,83,197,1.63
2025-04,383,0,0,5,36,117,1.31
2025-05,517,7,0,8,27,143,1.55
2025-06,123,1,0,3,5,72,2.44
2025-07,334,2,0,2,7,105,0.6
2025-08,414,0,0,3,9,126,0.72
2025-09,501,3,0,4,11,150,0.8
2025-10,539,0,0,4,4,121,0.74
2025-11,126,1,0,3,4,67,2.38
2025-12,1124,2,0,7,15,174,0.62
2026-01,624,0,0,1,8,150,0.16
2026-02,196,0,0,2,15,77,1.02
2026-03,67,0,0,0,2,49,0.0
2026-04,130,1,0,1,8,60,0.77
2026-05,379,0,0,2,15,95,0.53
2026-06,323,0,0,1,4,113,0.31
2026-07,895,0,0,1,4,210,0.11
2026-08,592,0,0,0,0,149,0.0
